ID,Type,SKU,Name,Published,Is featured?,Visibility in catalog,Short description,Description,Date sale price starts,Date sale price ends,Tax status,Tax class,In stock?,Stock,Low stock amount,Backorders allowed?,Sold individually?,Weight (kg),Length (cm),Width (cm),Height (cm),Allow customer reviews?,Purchase note,Sale price,Regular price,Categories,Tags,Shipping class,Images,Download limit,Download expiry days,Parent,Grouped products,Upsells,Cross-sells,External URL,Button text,Position,Attribute 1 name,Attribute 1 value(s),Attribute 1 visible,Attribute 1 global,Meta: _wp_page_template,Meta: fb_product_group_id,Meta: shopengine_product_views_count,Attribute 2 name,Attribute 2 value(s),Attribute 2 visible,Attribute 2 global,Meta: _elementor_template_type,Meta: _elementor_version,Meta: _elementor_pro_version,Attribute 3 name,Attribute 3 value(s),Attribute 3 visible,Attribute 3 global,Meta: _jetpack_post_was_ever_published,Meta: fb_visibility,Meta: _wc_facebook_sync_enabled,Meta: _last_editor_used_jetpack,Meta: fb_product_item_id,Meta: _custom_sale_badge,Meta: _wc_pinterest_google_product_category,Meta: _wc_facebook_enhanced_catalog_attributes_gender,Meta: _wc_facebook_enhanced_catalog_attributes_brand,Meta: _wc_facebook_enhanced_catalog_attributes_pattern,Meta: _wc_facebook_enhanced_catalog_attributes_material,Meta: _wc_facebook_enhanced_catalog_attributes_age_group,Meta: _wc_facebook_commerce_enabled,Meta: _wc_facebook_google_product_category,Attribute 1 default,Attribute 2 default,Meta: _wpas_done_all
3576,variable,CJMY1946516,Ferret Scratcher Ball (single),1,0,visible,,"<p>\n Clean Teeth: This cat toy sisal ball is not only fun for your feline friend, but also helps to brush away the bad stuff from their teeth. The more they chew on the fibers of the twine, the cleaner their teeth get. It's like a natural toothbrush for your cat.\n <br>\n <br>\n With Comfortable Touch: Pets can confidently chew on sisal rope because it is very soft to the touch and has no burrs. As they play, it also helps them brush their teeth.\n <br>\n <br>\n Boosts pet's happiness: This cat toy sisal ball is a great way to make your furry friends happy and entertained. It has a built-in sounding stone that emits a crisp sound when tossed. This will catch your pets' interest and boost their happiness.\n <br>\n <br>\n Reusable Material: It can last for a long time without breaking or fading. It has no smell and is reusable. Because it is not easy to deform, it is safe and reliable for your cat to play with.\n <br>\n <br>\n Multi Applications: These rope ball toys are a simple and enjoyable way to exercise your pet's body, muscles, coordination, and intelligence. They can also make your pet happy, keep their teeth clean, and lessen their tendency to be destructive.\n</p>\n<p>\n <b>Specification:</b>\n <br>\n Name: Cat Sisal Ball\n <br>\n Rope length: total length about 32cm/12.6in\n <br>\n Single ball diameter: about 4.5cm/1.8in\n <br>\n Material: sisal rope, bell\n <br>\n Wide range of uses: These rope ball toys can help exercise your pet's body, muscles, coordination, and intelligence in an easy and fun way, and can also bring a happy mood to your pet, clean teeth, and reduce destructive behavior\n <br>\n Package：\n</p>\n<p>1 rope and 3 balls （The color of the ball is random)</p>",,,taxable,,1,,,0,0,0.05,45,45,250,1,,,,"For Ferrets, Play & Train, Play & Train > Toys","For Ferrets, Play & Train, Toys",Light Packages,"https://dookery.com/wp-content/uploads/2024/04/1916e232-ea2a-4ade-a43e-a4900ade049a.jpg, https://dookery.com/wp-content/uploads/2024/04/88f71e54-81fc-4a80-aa11-35ee5748f96b.jpg, https://dookery.com/wp-content/uploads/2024/04/39c59dff-07d6-469b-92cf-81ef84f9f2bd.jpg, https://dookery.com/wp-content/uploads/2024/04/b75c623d-6002-4376-b33e-c8dc82eec874.jpg, https://dookery.com/wp-content/uploads/2024/04/5a581662-4e60-4b8f-becf-553e8ec19ff7.jpg, https://dookery.com/wp-content/uploads/2024/04/a4ffa07e-b117-43c2-a9e5-c96f5f0b1819.jpg, https://dookery.com/wp-content/uploads/2024/04/9615d804-b06e-436d-b6e7-58601253452a.jpg, https://dookery.com/wp-content/uploads/2024/04/e481e9a6-2d9c-45b3-93f7-88e6c00cf2cd.jpg, https://dookery.com/wp-content/uploads/2024/04/699b3f1d-874e-43e7-ad88-31b918d592d0.jpg, https://dookery.com/wp-content/uploads/2024/04/5734d2e0-f1ec-40be-8ca3-58b217fee8b9.jpg",,,,,,,,,0,Color,Random 1Set,1,0,default,7557412907628134.0,7,,,,,,,,,,,,,,,,,,,,,,,,,,,,
3587,variation,CJMY194651605EV,Ferret Scratcher Ball (set),1,0,visible,,,,,taxable,parent,1,,,0,0,,,,,0,,,50.24,,,,https://dookery.com/wp-content/uploads/2024/04/699b3f1d-874e-43e7-ad88-31b918d592d0-1.jpg,,,CJMY1946516,,,,,,0,Color,Random 1Set,,0,,,,,,,,,,,,,,,,,,,,,,,,,,,,,,,
3608,variable,CJMY1684637,Spinning Self-play Boredom Relief Ball Toy,1,1,visible,,"<p>\n <b>Product information:</b>\n <br>\n</p>\n<p>\n Material:PP\n <br>\n Style:Fashion minimalist\n <br>\n Features:Ferret Toy\n <br>\n Colour:yellow,green,grey\n</p>\n<p>\n <br>\n <b>Size Information:</b>\n <br>\n <img src=""https://cc-west-usa.oss-us-west-1.aliyuncs.com/1ab5b6b6-6c31-48dc-bea8-41cb5e05bf2c.jpg"" style=""max-width:100%"">\n <br>\n <br>\n</p>\n<p>\n <b>Packing list:</b>\n</p>\n<p>\n Cat&nbsp;\n <span style=""font-size: 1em"">Toy*1 Set</span>\n</p>\n<p>\n <span style=""font-size: 1em"">&nbsp;</span>\n</p>\n<p>\n <b>Product Image:</b>\n</p>\n<p>\n <img src=""https://cc-west-usa.oss-us-west-1.aliyuncs.com/493cae7c-664e-4d5b-919a-c4d96f02db75.jpg"" style=""max-width:100%"">\n <img src=""https://cc-west-usa.oss-us-west-1.aliyuncs.com/6a76e8aa-d5e4-453c-bc25-10dd57e4f7d2.jpg"" style=""max-width: 100%"">\n <img src=""https://cc-west-usa.oss-us-west-1.aliyuncs.com/d2d92ae8-a4ae-479d-ae05-9af835e40335.jpg"" style=""max-width: 100%"">\n <img src=""https://cc-west-usa.oss-us-west-1.aliyuncs.com/f73aa553-d795-4073-a6f4-426b996c1443.jpg"" style=""max-width: 100%"">\n <img src=""https://cc-west-usa.oss-us-west-1.aliyuncs.com/19539666-82c7-49ff-a146-4c82606834c7.jpg"" style=""max-width: 100%"">\n <img src=""https://cc-west-usa.oss-us-west-1.aliyuncs.com/70c26963-0169-4d17-8805-058637165e08.jpg"" style=""max-width: 100%"">\n <img src=""https://cc-west-usa.oss-us-west-1.aliyuncs.com/7ff850d9-43aa-4636-bdae-fd3e7e4abf9c.jpg"" style=""max-width: 100%"">\n <img src=""https://cc-west-usa.oss-us-west-1.aliyuncs.com/35b7ed3a-9592-4518-85f5-b76e06e7377e.jpg"" style=""max-width: 100%"">\n <br>\n</p>",,,taxable,,1,,,0,0,0.7,215,215,190,1,,,,"For Ferrets, Play & Train, Play & Train > Toys","For Ferrets, Play & Train, Toys",Light Packages,"https://dookery.com/wp-content/uploads/2024/04/6dd6ae8e-122f-4b80-a644-cf498cb8555a.jpg, https://dookery.com/wp-content/uploads/2024/04/a6335f41-8216-4758-ae09-3828fae0fe11.jpg, https://dookery.com/wp-content/uploads/2024/04/e8b7f626-9ca8-4772-9840-95e223ecb8e8.jpg, https://dookery.com/wp-content/uploads/2024/04/404f1ebf-a3ae-40c0-8c1b-eed4b78a0992.jpg, https://dookery.com/wp-content/uploads/2024/04/ac906c8c-c926-4202-a86d-066c5c7b59a7.jpg, https://dookery.com/wp-content/uploads/2024/04/8e39a1f7-997d-4ca2-9f9a-a9a578af316d.jpg",,,,,,,,,0,Color,"Green, Grey",1,0,default,7580623078712394.0,8,style,With Glowing Ball,1,0,,,,,,,,,,,,,,,,,,,,,,,,
3615,variation,CJMY168463701AZ,"Spinning Self-play Boredom Relief Ball Toy - Green, With Glowing Ball",1,0,visible,,,,,taxable,parent,1,,,0,0,,,,,0,,,59.21,,,,https://dookery.com/wp-content/uploads/2024/04/e8b7f626-9ca8-4772-9840-95e223ecb8e8-1.jpg,,,CJMY1684637,,,,,,0,Color,Green,,0,,,,style,With Glowing Ball,,0,,,,,,,,,,,,,,,,,,,,,,,,
3617,variation,CJMY168463702BY,"Spinning Self-play Boredom Relief Ball Toy - Grey, With Glowing Ball",1,0,visible,,,,,taxable,parent,1,,,0,0,,,,,0,,,59.21,,,,https://dookery.com/wp-content/uploads/2024/04/ac906c8c-c926-4202-a86d-066c5c7b59a7-1.jpg,,,CJMY1684637,,,,,,0,Color,Grey,,0,,,,style,With Glowing Ball,,0,,,,,,,,,,,,,,,,,,,,,,,,
3619,variable,CJYD2008806,Outdoor Portable Crossbody Ferret Carry Bag,1,1,visible,"The **Outdoor Portable Crossbody Ferret Carry Bag - S, M, L - Black, Red, Rose Red, Green, Blue, Gray, Orange, Beige & Cloudy Blue, Beige & Rose Red, Beige & Light Green, Beige & Green - Single Item** is the perfect blend of comfort and convenience for your ferrets outdoor adventures. Crafted from durable Oxford material, it ensures medium softness and ease of wear, available in a variety of vibrant colors and sizes to suit every taste and need.","<p>\n <b>Product information:</b>\n <br>\n Color: black, red, rose red, green, blue, gray and orange, beige and cloudy blue, beige and rose red, beige and light green, beige and green\n <br>\n Specifications: Large L, Medium M, Small size S\n <br>\n Hardness: medium and soft\n <br>\n Material: Oxford\n <br>\n Category: pet bag\n</p>\n<p>\n <br>\n</p>\n<p>\n <br>\n</p>\n<b>Packing list: </b>\n<br>\n1* Pet Carry Bag\n<p>\n <br>\n</p>\n<p>\n <br>\n</p>\n<b>Product Image:</b>\n<div>\n <b>\n  <br>\n </b>\n</div>\n<div>\n <b>\n  <br>\n </b>\n <img src=""https://cc-west-usa.oss-us-west-1.aliyuncs.com/17128800/2404120515060326400.jpg"" class="""">\n <img src=""https://cc-west-usa.oss-us-west-1.aliyuncs.com/17128800/2404120515070320300.jpg"">\n <img src=""https://cc-west-usa.oss-us-west-1.aliyuncs.com/17128800/2404120515070324200.jpg"">\n <img src=""https://cc-west-usa.oss-us-west-1.aliyuncs.com/17128800/2404120515070328000.jpg"">\n <img src=""https://cc-west-usa.oss-us-west-1.aliyuncs.com/17128800/2404120515080321300.jpg"">\n <img src=""https://cc-west-usa.oss-us-west-1.aliyuncs.com/17128800/2404120515080324400.jpg"">\n <img src=""https://cc-west-usa.oss-us-west-1.aliyuncs.com/17128800/2404120515080326800.jpg"">\n <img src=""https://cc-west-usa.oss-us-west-1.aliyuncs.com/17128800/2404120515090321100.jpg"">\n <img src=""https://cc-west-usa.oss-us-west-1.aliyuncs.com/17128800/2404120515090323900.jpg"">\n <img src=""https://cc-west-usa.oss-us-west-1.aliyuncs.com/17128800/2404120515090328600.jpg"">\n <img src=""https://cc-west-usa.oss-us-west-1.aliyuncs.com/17128800/2404120515100322000.jpg"">\n <img src=""https://cc-west-usa.oss-us-west-1.aliyuncs.com/17128800/2404120515100325700.jpg"">\n <img src=""https://cc-west-usa.oss-us-west-1.aliyuncs.com/17128800/2404120515100329700.jpg"">\n <img src=""https://cc-west-usa.oss-us-west-1.aliyuncs.com/17128800/2404120515110323300.jpg"">\n <img src=""https://cc-west-usa.oss-us-west-1.aliyuncs.com/17128800/2404120515110325300.jpg"">\n <img src=""https://cc-west-usa.oss-us-west-1.aliyuncs.com/17128800/2404120515110327300.jpg"">\n <img src=""https://cc-west-usa.oss-us-west-1.aliyuncs.com/17128800/2404120515110329700.jpg"">\n <img src=""https://cc-west-usa.oss-us-west-1.aliyuncs.com/17128800/2404120515120323400.jpg"">\n <img src=""https://cc-west-usa.oss-us-west-1.aliyuncs.com/17128800/2404120515120325700.jpg"">\n <img src=""https://cc-west-usa.oss-us-west-1.aliyuncs.com/17128800/2404120515130320300.jpg"">\n <img src=""https://cc-west-usa.oss-us-west-1.aliyuncs.com/17128800/2404120515130325200.jpg"">\n <img src=""https://cc-west-usa.oss-us-west-1.aliyuncs.com/17128800/2404120515130327700.jpg"">\n <img src=""https://cc-west-usa.oss-us-west-1.aliyuncs.com/17128800/2404120515140320500.jpg"">\n <img src=""https://cc-west-usa.oss-us-west-1.aliyuncs.com/17128800/2404120515140322200.jpg"">\n <img src=""https://cc-west-usa.oss-us-west-1.aliyuncs.com/17128800/2404120515140327000.jpg"">\n</div>",,,taxable,,1,,,0,0,0.8,480,270,100,1,,,,"Adventure, Adventure > Carry Bags & Cages, For Ferrets","Adventure, Carry Bags & Cases, For Ferrets",Medium Packages,"https://dookery.com/wp-content/uploads/2024/04/O1CN01TeeU7n1Rm7eqhG7gm_3172332153-0-cib.jpg, https://dookery.com/wp-content/uploads/2024/04/cc5a5529-adae-4cd2-b363-127aab837fe4_trans.jpeg, https://dookery.com/wp-content/uploads/2024/04/81291aff-3b75-49f1-a066-387bfab37f92_trans.jpeg, https://dookery.com/wp-content/uploads/2024/04/O1CN01ucmyfv1Rm7ewd4RFP_3172332153-0-cib.jpg, https://dookery.com/wp-content/uploads/2024/04/O1CN01Pm7Axa1Rm7esttYfe_3172332153-0-cib.jpg, https://dookery.com/wp-content/uploads/2024/04/O1CN01h5AGvH1Rm7eugPhsD_3172332153-0-cib.jpg, https://dookery.com/wp-content/uploads/2024/04/O1CN01B0QVdJ1Rm7ewGClBQ_3172332153-0-cib.jpg, https://dookery.com/wp-content/uploads/2024/04/O1CN01lmrokZ1Rm7ewGIOco_3172332153-0-cib.jpg, https://dookery.com/wp-content/uploads/2024/04/O1CN01d7VK8V1Rm7er7gCiF_3172332153-0-cib.jpg, https://dookery.com/wp-content/uploads/2024/04/O1CN01I617av1Rm7epgPZaa_3172332153-0-cib.jpg",,,,,,,,,0,Size,"L, M, S",1,0,default,7081890000000000.0,9,Color,"Beige And Green, Beige And Haze Blue, Beige And Light Green, Beige And Rose Red, Black, Blue, Gray And Orange, Green, Red, Rose Red",1,0,product-post,3.21.1,3.21.0,,,,,,,,,,,,,,,,,,,,,
3630,variation,CJYD200880628BY,"Outdoor Portable Crossbody Ferret Carry Bag - L, Beige And Green",1,0,visible,,,,,taxable,parent,1,,,0,0,,,,,0,,,71.07,,,,https://dookery.com/wp-content/uploads/2024/04/O1CN01I617av1Rm7epgPZaa_3172332153-0-cib-1.jpg,,,CJYD2008806,,,,,,0,Size,L,,0,,,,Color,Beige And Green,,0,,,,,,,,,,,,,,,,,,,,,,,,
3632,variation,CJYD200880629CX,"Outdoor Portable Crossbody Ferret Carry Bag - M, Beige And Green",1,0,visible,,,,,taxable,parent,1,,,0,0,,,,,0,,,61.54,,,,https://dookery.com/wp-content/uploads/2024/04/O1CN01I617av1Rm7epgPZaa_3172332153-0-cib-2.jpg,,,CJYD2008806,,,,,,0,Size,M,,0,,,,Color,Beige And Green,,0,,,,,,,,,,,,,,,,,,,,,,,,
3634,variation,CJYD200880630DW,"Outdoor Portable Crossbody Ferret Carry Bag - S, Beige And Green",1,0,visible,,,,,taxable,parent,1,,,0,0,,,,,0,,,52.73,,,,https://dookery.com/wp-content/uploads/2024/04/O1CN01I617av1Rm7epgPZaa_3172332153-0-cib-3.jpg,,,CJYD2008806,,,,,,0,Size,S,,0,,,,Color,Beige And Green,,0,,,,,,,,,,,,,,,,,,,,,,,,
3636,variation,CJYD200880619SH,"Outdoor Portable Crossbody Ferret Carry Bag - L, Beige And Haze Blue",1,0,visible,,,,,taxable,parent,1,,,0,0,,,,,0,,,71.07,,,,https://dookery.com/wp-content/uploads/2024/04/O1CN01friz5s1Rm7esxMBGK_3172332153-0-cib.jpg,,,CJYD2008806,,,,,,0,Size,L,,0,,,,Color,Beige And Haze Blue,,0,,,,,,,,,,,,,,,,,,,,,,,,
3638,variation,CJYD200880620TG,"Outdoor Portable Crossbody Ferret Carry Bag - S, Black and Red, Single Item",1,0,visible,"The **Outdoor Portable Crossbody Ferret Carry Bag - S, Black and Red, Single Item (SKU: CJYD200880620TG)** offers a cozy and secure way to travel with your ferret. Built from durable Oxford fabric, this carry bag in sleek black and vibrant red ensures medium softness and ultimate comfort for your furry friend's adventures.",,,,taxable,parent,1,,,0,0,,,,,0,,,61.54,,,,https://dookery.com/wp-content/uploads/2024/04/O1CN01friz5s1Rm7esxMBGK_3172332153-0-cib-1.jpg,,,CJYD2008806,,,,,,0,Size,M,,0,,,,Color,Beige And Haze Blue,,0,,,,,,,,,,,,,,,,,,,,,,,,
3640,variation,CJYD200880621UF,"Outdoor Portable Crossbody Ferret Carry Bag - S/M/L, Beige and Haze Blue, Set",1,0,visible,"The **Outdoor Portable Crossbody Ferret Carry Bag - S, M, L, Beige and Haze Blue, Set** is the perfect blend of comfort and convenience for your ferret's outdoor adventures. Designed from durable Oxford material, it ensures medium softness and ease of wear, available in chic beige and haze blue to suit every ferret lover's taste and need.",,,,taxable,parent,1,,,0,0,,,,,0,,,52.73,,,,https://dookery.com/wp-content/uploads/2024/04/O1CN01friz5s1Rm7esxMBGK_3172332153-0-cib-2.jpg,,,CJYD2008806,,,,,,0,Size,S,,0,,,,Color,Beige And Haze Blue,,0,,,,,,,,,,,,,,,,,,,,,,,,
3642,variation,CJYD200880625YB,,1,0,visible,"The **Outdoor Portable Crossbody Ferret Carry Bag - S, M, L, Beige and Light Green, Single Item** is the perfect blend of comfort and convenience for your ferret's outdoor adventures. Crafted from durable Oxford material, it ensures medium softness and ease of wear, available in soothing beige and light green to suit every taste and need.",,,,taxable,parent,1,,,0,0,,,,,0,,,71.07,,,,https://dookery.com/wp-content/uploads/2024/04/O1CN015oI9Ay1Rm7eqhIsJ5_3172332153-0-cib.jpg,,,CJYD2008806,,,,,,0,Size,L,,0,,,,Color,Beige And Light Green,,0,,,,,,,,,,,,,,,,,,,,,,,,
3644,variation,CJYD200880626ZA,"Outdoor Portable Crossbody Ferret Carry Bag - M, Beige and Light Green, Single Item",1,0,visible,"The **Outdoor Portable Crossbody Ferret Carry Bag - M, Beige and Light Green, Single Item** is designed for your ferret's outdoor adventures, combining comfort and style. Made from durable Oxford material with medium softness, it offers easy wearability for both you and your ferret.",,,,taxable,parent,1,,,0,0,,,,,0,,,61.54,,,,https://dookery.com/wp-content/uploads/2024/04/O1CN015oI9Ay1Rm7eqhIsJ5_3172332153-0-cib-1.jpg,,,CJYD2008806,,,,,,0,Size,M,,0,,,,Color,Beige And Light Green,,0,,,,,,,,,,,,,,,,,,,,,,,,
3646,variation,CJYD200880627AZ,"Outdoor Portable Crossbody Ferret Carry Bag - S, Beige and Cloudy Blue, Single Item",1,0,visible,"The **Outdoor Portable Crossbody Ferret Carry Bag - S, Beige and Cloudy Blue, Single Item** is the ideal solution for easy and stylish ferret transport on any adventure. Made from durable Oxford fabric, it provides medium softness and comfort, ensuring your little one travels in luxury and safety.",,,,taxable,parent,1,,,0,0,,,,,0,,,52.73,,,,https://dookery.com/wp-content/uploads/2024/04/O1CN015oI9Ay1Rm7eqhIsJ5_3172332153-0-cib-2.jpg,,,CJYD2008806,,,,,,0,Size,S,,0,,,,Color,Beige And Light Green,,0,,,,,,,,,,,,,,,,,,,,,,,,
3648,variation,CJYD200880622VE,,1,0,visible,"The **Outdoor Portable Crossbody Ferret Carry Bag - Large, Beige and Rose Red** is the perfect blend of comfort and convenience for your ferrets outdoor adventures. Crafted from durable Oxford material, it ensures medium softness and ease of wear, available in a stylish beige and rose red combination to suit every taste and need.",,,,taxable,parent,1,,,0,0,,,,,0,,,71.07,,,,https://dookery.com/wp-content/uploads/2024/04/O1CN01d7VK8V1Rm7er7gCiF_3172332153-0-cib-1.jpg,,,CJYD2008806,,,,,,0,Size,L,,0,,,,Color,Beige And Rose Red,,0,,,,,,,,,,,,,,,,,,,,,,,,
3650,variation,CJYD200880623WD,"Outdoor Portable Crossbody Ferret Carry Bag - S, Beige and Light Green",1,0,visible,"The **Outdoor Portable Crossbody Ferret Carry Bag - S, Beige and Light Green** is the perfect blend of comfort and convenience for your ferret's outdoor adventures. Crafted from durable Oxford material, it ensures medium softness and ease of wear, tailored in a chic beige and light green combination for stylish outings.",,,,taxable,parent,1,,,0,0,,,,,0,,,61.54,,,,https://dookery.com/wp-content/uploads/2024/04/O1CN01d7VK8V1Rm7er7gCiF_3172332153-0-cib-2.jpg,,,CJYD2008806,,,,,,0,Size,M,,0,,,,Color,Beige And Rose Red,,0,,,,,,,,,,,,,,,,,,,,,,,,
3652,variation,CJYD200880624XC,"Outdoor Portable Crossbody Ferret Carry Bag - S, M, L, Beige and Rose Red, Set",1,0,visible,"The **Outdoor Portable Crossbody Ferret Carry Bag - S, M, L, Beige and Rose Red, Set** is the perfect blend of comfort and convenience for your ferret's outdoor adventures. Crafted from durable Oxford material, it ensures medium softness and ease of wear, available in a beautiful beige and rose red color combination to suit every taste and need.",,,,taxable,parent,1,,,0,0,,,,,0,,,52.73,,,,https://dookery.com/wp-content/uploads/2024/04/O1CN01d7VK8V1Rm7er7gCiF_3172332153-0-cib-3.jpg,,,CJYD2008806,,,,,,0,Size,S,,0,,,,Color,Beige And Rose Red,,0,,,,,,,,,,,,,,,,,,,,,,,,
3654,variation,CJYD200880601AZ,"Outdoor Portable Crossbody Ferret Carry Bag - S, M, L, Black",1,0,visible,"The **Outdoor Portable Crossbody Ferret Carry Bag - S, M, L, Black** (SKU: CJYD200880601AZ) is the perfect blend of comfort and convenience for your ferret's outdoor adventures. Crafted from durable Oxford material with medium softness, it ensures ease of wear while providing a cozy space for your ferret on the go.",,,,taxable,parent,1,,,0,0,,,,,0,,,71.07,,,,https://dookery.com/wp-content/uploads/2024/04/O1CN01h5AGvH1Rm7eugPhsD_3172332153-0-cib-1.jpg,,,CJYD2008806,,,,,,0,Size,L,,0,,,,Color,Black,,0,,,,,,,,,,,,,,,,,,,,,,,,
3656,variation,CJYD200880602BY,"Outdoor Portable Crossbody Ferret Carry Bag - Small (S), Black",1,0,visible,"The **Outdoor Portable Crossbody Ferret Carry Bag - Small (S), Black** offers ultimate comfort and ease for your ferret’s outdoor adventures. Made from durable Oxford material, it features medium softness and a sleek black design, making it a stylish and practical choice for any ferret owner.",,,,taxable,parent,1,,,0,0,,,,,0,,,61.54,,,,https://dookery.com/wp-content/uploads/2024/04/O1CN01h5AGvH1Rm7eugPhsD_3172332153-0-cib-2.jpg,,,CJYD2008806,,,,,,0,Size,M,,0,,,,Color,Black,,0,,,,,,,,,,,,,,,,,,,,,,,,
3658,variation,CJYD200880603CX,"Outdoor Portable Crossbody Ferret Carry Bag - S, Black",1,0,visible,"The **Outdoor Portable Crossbody Ferret Carry Bag - S, Black** is the ideal mix of luxury and practicality for your ferret's outdoor escapades. Made from resilient Oxford material, it offers a medium softness for a cozy and comfortable travel experience.",,,,taxable,parent,1,,,0,0,,,,,0,,,52.73,,,,https://dookery.com/wp-content/uploads/2024/04/O1CN01h5AGvH1Rm7eugPhsD_3172332153-0-cib-3.jpg,,,CJYD2008806,,,,,,0,Size,S,,0,,,,Color,Black,,0,,,,,,,,,,,,,,,,,,,,,,,,
3660,variation,CJYD200880613MN,"Outdoor Portable Crossbody Ferret Carry Bag - S, M, L, Black, Blue, Green, Orange, Rose Red, Gray, Cloudy Blue, Set",1,0,visible,"The **Outdoor Portable Crossbody Ferret Carry Bag - S, M, L, Black, Blue, Green, Orange, Rose Red, Gray, Cloudy Blue, Set** is the ultimate accessory for on-the-go ferret parents, providing a perfect mix of comfort and style. Made from high-quality Oxford material, this set ensures medium softness and durability, and comes in a variety of vibrant colors to make every adventure special.",,,,taxable,parent,1,,,0,0,,,,,0,,,71.07,,,,https://dookery.com/wp-content/uploads/2024/04/O1CN01lmrokZ1Rm7ewGIOco_3172332153-0-cib-1.jpg,,,CJYD2008806,,,,,,0,Size,L,,0,,,,Color,Blue,,0,,,,,,,,,,,,,,,,,,,,,,,,
3662,variation,CJYD200880614NM,,1,0,visible,"The **Outdoor Portable Crossbody Ferret Carry Bag - M, Blue - Single Item (SKU: CJYD200880614NM)** is the perfect blend of comfort and convenience for your ferret's outdoor adventures. Crafted from durable Oxford material, it ensures medium softness and ease of wear, available in a stunning blue to suit your ferret's personality.",,,,taxable,parent,1,,,0,0,,,,,0,,,61.54,,,,https://dookery.com/wp-content/uploads/2024/04/O1CN01lmrokZ1Rm7ewGIOco_3172332153-0-cib-2.jpg,,,CJYD2008806,,,,,,0,Size,M,,0,,,,Color,Blue,,0,,,,,,,,,,,,,,,,,,,,,,,,
3664,variation,CJYD200880615OL,"Outdoor Portable Crossbody Ferret Carry Bag - S, Blue, Single Item.",1,0,visible,"The **Outdoor Portable Crossbody Ferret Carry Bag - S, Blue, Single Item (CJYD200880615OL)** is the perfect companion for your ferret's outdoor escapades. Made from robust Oxford material with medium softness, it combines comfort and durability in a stylish blue design.",,,,taxable,parent,1,,,0,0,,,,,0,,,52.73,,,,https://dookery.com/wp-content/uploads/2024/04/O1CN01lmrokZ1Rm7ewGIOco_3172332153-0-cib-3.jpg,,,CJYD2008806,,,,,,0,Size,S,,0,,,,Color,Blue,,0,,,,,,,,,,,,,,,,,,,,,,,,
3666,variation,CJYD200880616PK,"Outdoor Portable Crossbody Ferret Carry Bag - S, Red and Rose Red, Single Item",1,0,visible,"The **Outdoor Portable Crossbody Ferret Carry Bag - S, Red and Rose Red, Single Item** is the perfect blend of comfort and style for your ferret's outdoor escapades. Made from durable Oxford material, it offers medium softness and comes in vibrant red and rose red colors, ensuring your ferret travels in both safety and flair.",,,,taxable,parent,1,,,0,0,,,,,0,,,71.07,,,,https://dookery.com/wp-content/uploads/2024/04/O1CN01K3muIH1Rm7el7k4i1_3172332153-0-cib.jpg,,,CJYD2008806,,,,,,0,Size,L,,0,,,,Color,Gray And Orange,,0,,,,,,,,,,,,,,,,,,,,,,,,
3668,variation,CJYD200880617QJ,,1,0,visible,"The **Outdoor Portable Crossbody Ferret Carry Bag Set – S, M, L – Gray and Orange (SKU: CJYD200880617QJ)** offers the perfect blend of comfort and practicality for your ferret’s outdoor escapades. Made from durable Oxford material with medium softness, it comes in stylish gray and orange colors to keep your ferret cozy and secure on any adventure.",,,,taxable,parent,1,,,0,0,,,,,0,,,61.54,,,,https://dookery.com/wp-content/uploads/2024/04/O1CN01K3muIH1Rm7el7k4i1_3172332153-0-cib-1.jpg,,,CJYD2008806,,,,,,0,Size,M,,0,,,,Color,Gray And Orange,,0,,,,,,,,,,,,,,,,,,,,,,,,
3670,variation,CJYD200880618RI,"Outdoor Portable Crossbody Ferret Carry Bag - S, Gray and Orange, Set",1,0,visible,"The **Outdoor Portable Crossbody Ferret Carry Bag - S, Gray and Orange, Set (SKU: CJYD200880618RI)** combines ultimate convenience and style for your ferret’s outdoor adventures. Made from durable Oxford material with medium softness, this sleek set ensures your ferret travels in utmost comfort.",,,,taxable,parent,1,,,0,0,,,,,0,,,52.73,,,,https://dookery.com/wp-content/uploads/2024/04/O1CN01K3muIH1Rm7el7k4i1_3172332153-0-cib-2.jpg,,,CJYD2008806,,,,,,0,Size,S,,0,,,,Color,Gray And Orange,,0,,,,,,,,,,,,,,,,,,,,,,,,
3672,variation,CJYD200880610JQ,"Outdoor Portable Crossbody Ferret Carry Bag – L, Green",1,0,visible,"The **Outdoor Portable Crossbody Ferret Carry Bag – L, Green** is your go-to for luxurious ferret travels, offering unparalleled comfort and vibrant style. Designed with durable, medium-soft Oxford material, this carry bag guarantees a cozy journey for your ferret on every adventure.",,,,taxable,parent,1,,,0,0,,,,,0,,,71.07,,,,https://dookery.com/wp-content/uploads/2024/04/O1CN01TeeU7n1Rm7eqhG7gm_3172332153-0-cib-1.jpg,,,CJYD2008806,,,,,,0,Size,L,,0,,,,Color,Green,,0,,,,,,,,,,,,,,,,,,,,,,,,
3674,variation,CJYD200880611KP,"Outdoor Portable Crossbody Ferret Carry Bag - M, Green",1,0,visible,,,,,taxable,parent,1,,,0,0,,,,,0,,,61.54,,,,https://dookery.com/wp-content/uploads/2024/04/O1CN01TeeU7n1Rm7eqhG7gm_3172332153-0-cib-2.jpg,,,CJYD2008806,,,,,,0,Size,M,,0,,,,Color,Green,,0,,,,,,,,,,,,,,,,,,,,,,,,
3676,variation,CJYD200880612LO,"Outdoor Portable Crossbody Ferret Carry Bag - S, Green",1,0,visible,,,,,taxable,parent,1,,,0,0,,,,,0,,,52.73,,,,https://dookery.com/wp-content/uploads/2024/04/O1CN01TeeU7n1Rm7eqhG7gm_3172332153-0-cib-3.jpg,,,CJYD2008806,,,,,,0,Size,S,,0,,,,Color,Green,,0,,,,,,,,,,,,,,,,,,,,,,,,
3678,variation,CJYD200880604DW,"Outdoor Portable Crossbody Ferret Carry Bag - L, Red",1,0,visible,,,,,taxable,parent,1,,,0,0,,,,,0,,,71.07,,,,https://dookery.com/wp-content/uploads/2024/04/O1CN01B0QVdJ1Rm7ewGClBQ_3172332153-0-cib-1.jpg,,,CJYD2008806,,,,,,0,Size,L,,0,,,,Color,Red,,0,,,,,,,,,,,,,,,,,,,,,,,,
3680,variation,CJYD200880605EV,"Outdoor Portable Crossbody Ferret Carry Bag - Medium, Red",1,0,visible,"The **Outdoor Portable Crossbody Ferret Carry Bag - Medium, Red (SKU: CJYD200880605EV)** offers a stylish and cozy solution for your ferret’s travel needs. Made from durable Oxford material, this medium-size carry bag combines a snug fit with vibrant red color, ensuring both you and your ferret can enjoy adventures in comfort and style.",,,,taxable,parent,1,,,0,0,,,,,0,,,61.54,,,,https://dookery.com/wp-content/uploads/2024/04/O1CN01B0QVdJ1Rm7ewGClBQ_3172332153-0-cib-2.jpg,,,CJYD2008806,,,,,,0,Size,M,,0,,,,Color,Red,,0,,,,,,,,,,,,,,,,,,,,,,,,
3682,variation,CJYD200880606FU,"Outdoor Portable Crossbody Ferret Carry Bag - S, Red",1,0,visible,,,,,taxable,parent,1,,,0,0,,,,,0,,,52.73,,,,https://dookery.com/wp-content/uploads/2024/04/O1CN01B0QVdJ1Rm7ewGClBQ_3172332153-0-cib-3.jpg,,,CJYD2008806,,,,,,0,Size,S,,0,,,,Color,Red,,0,,,,,,,,,,,,,,,,,,,,,,,,
3684,variation,CJYD200880607GT,"Outdoor Portable Crossbody Ferret Carry Bag - L, Rose Red",1,0,visible,,,,,taxable,parent,1,,,0,0,,,,,0,,,71.07,,,,https://dookery.com/wp-content/uploads/2024/04/O1CN01gnaV6t1Rm7esxPbWR_3172332153-0-cib.jpg,,,CJYD2008806,,,,,,0,Size,L,,0,,,,Color,Rose Red,,0,,,,,,,,,,,,,,,,,,,,,,,,
3686,variation,CJYD200880608HS,"Outdoor Portable Crossbody Ferret Carry Bag - M, Rose Red",1,0,visible,,,,,taxable,parent,1,,,0,0,,,,,0,,,61.54,,,,https://dookery.com/wp-content/uploads/2024/04/O1CN01gnaV6t1Rm7esxPbWR_3172332153-0-cib-1.jpg,,,CJYD2008806,,,,,,0,Size,M,,0,,,,Color,Rose Red,,0,,,,,,,,,,,,,,,,,,,,,,,,
3688,variation,CJYD200880609IR,"Outdoor Portable Crossbody Ferret Carry Bag - S, Rose Red",1,0,visible,"The **Outdoor Portable Crossbody Ferret Carry Bag - S, Rose Red (SKU: CJYD200880609IR)** is the perfect blend of comfort and style for your ferret's outdoor adventures. Crafted from durable Oxford material, it ensures medium softness, ease of wear, and comes in a vibrant rose red that's sure to turn heads.",,,,taxable,parent,1,,,0,0,,,,,0,,,52.73,,,,https://dookery.com/wp-content/uploads/2024/04/O1CN01gnaV6t1Rm7esxPbWR_3172332153-0-cib-2.jpg,,,CJYD2008806,,,,,,0,Size,S,,0,,,,Color,Rose Red,,0,,,,,,,,,,,,,,,,,,,,,,,,
4597,variable,CJMY1987208,Folding Travel Water Bottle,1,1,visible,,"<p> Folding Travel Water Bottle </p>\n<p>\n <br>\n</p>\n<p>Are you ready to embark on thrilling escapades with your furry companion? Say hello to the ultimate travel buddy for your adventurous ferret!&nbsp;</p>\n<p>This Ferret Food &amp; Water Bottle is meticulously crafted to elevate your outdoor journeys with your beloved pet.</p>\n<p>\n <br>\n</p>\n<p>Crafted from soft food-grade silicone, this bottle not only prioritizes your pet's health but also boasts a space-saving design that can be conveniently folded. Picture this: no more bulky accessories weighing down your backpack as you explore the great outdoors!</p>\n<p>\n <br>\n</p>\n<p>But wait, there's more! This pet water bottle features a revolutionary leak-proof sealing stopper, ensuring that every precious drop of hydration stays securely contained. With just a simple press, you can fully isolate and seal the water, guaranteeing mess-free adventures wherever your wanderlust takes you.</p>\n<p>\n <br>\n</p>\n<p>Ease of use? Check! This bottle is equipped with a user-friendly one-button operation, making hydration breaks a breeze during your excursions. Plus, the entire construction is crafted from BPA-free food-grade silicone, offering peace of mind for both you and your ferret.</p>\n<p>\n <br>\n</p>\n<p>Specifications:&nbsp;</p>\n<p> Color: Bold Blue, adding a splash of vibrancy to your gear.&nbsp;</p>\n<p> Specification: Generous 550ml capacity, ensuring ample hydration for your furry friend.&nbsp;</p>\n<p>️ Material: Crafted from premium edible silicone, because your pet deserves nothing but the best.&nbsp;</p>\n<p> Category: Essential pet tableware for adventurers like you.&nbsp;</p>\n<p> Size: Compact and portable, measuring 141mm-81mm when folded and expanding to 255mm-96mm when in use.&nbsp;</p>\n<p> Easy to clean: Can be effortlessly separated for thorough cleaning, ensuring hygiene on your journeys.</p>\n<p>\n <br>\n</p>\n<p>Gear up for unforgettable adventures with your ferret by your side, and make every moment count with The Dookery's Ferret Food &amp; Water Bottle. Adventure awaits – are you ready to seize it? </p>\n&nbsp;\n<br>\n<p>\n <img src=""https://cc-west-usa.oss-us-west-1.aliyuncs.com/17134848/2404190946050322900.jpg"">\n <img src=""https://cc-west-usa.oss-us-west-1.aliyuncs.com/17134848/2404190946050326700.jpg"">\n <img src=""https://cc-west-usa.oss-us-west-1.aliyuncs.com/17134848/2404190946060320600.jpg"">\n <img src=""https://cc-west-usa.oss-us-west-1.aliyuncs.com/17134848/2404190946060325200.jpg"">\n <img src=""https://cc-west-usa.oss-us-west-1.aliyuncs.com/17134848/2404190946060328300.jpg"">\n <img src=""https://cc-west-usa.oss-us-west-1.aliyuncs.com/17134848/2404190946070320600.jpg"">\n <img src=""https://cc-west-usa.oss-us-west-1.aliyuncs.com/17134848/2404190946070327600.jpg"">\n <img src=""https://cc-west-usa.oss-us-west-1.aliyuncs.com/17134848/2404190946080323300.jpg"">\n</p>\n<p>\n <br>\n</p>\n<p>\n <b>Product Information:</b>\n <br>\n Color: Blue\n <br>\n Specification: 550ml silicone pet\n <br>\n Cup Material: Edible Silicon\n <br>\n Category: pet tableware\n <br>\n <br>\n</p>\n<b>Size:</b>\n<br>\n<p>\n <img src=""https://cc-west-usa.oss-us-west-1.aliyuncs.com/17134848/2404190946040329700.jpg"" class="""">\n</p>\n<br>\n<b>\n <br>\n</b>\n<b>\n <br>\n</b>\n<b>Packing List: </b>\n<br>\n<p>Silicone portable kettle * 1&nbsp;</p>\n<p>\n <br>\n</p>",,,taxable,,1,,,0,0,0.18,320,220,120,1,,,,"Adventure, For Ferrets, Adventure > Travel Food & Water Bowls","Adventure, Food & Water Bowls, For Ferrets",Light Packages,"https://dookery.com/wp-content/uploads/2024/05/3ea24eb4-fa71-4788-bb7a-615e0e949ee4.jpg, https://dookery.com/wp-content/uploads/2024/05/5e2eef75-238a-489d-96f6-f17ba608cdb7.jpg, https://dookery.com/wp-content/uploads/2024/05/3ec3d5fa-c031-4316-9721-cd9e88c4bc80.jpg, https://dookery.com/wp-content/uploads/2024/05/31490e9f-ba81-4bb0-94c1-d86ee888c64d.jpg, https://dookery.com/wp-content/uploads/2024/05/bca15434-0ff8-4eab-bfd9-92d8b6338678.jpg, https://dookery.com/wp-content/uploads/2024/05/2403121445230328000.jpg, https://dookery.com/wp-content/uploads/2024/05/79a50b4d-e9c6-4dc4-97c0-a03693e72726.jpg, https://dookery.com/wp-content/uploads/2024/05/fb8d6fa9-614f-4121-ad78-8d75bbbc5d3a.jpg",,,,,,,,,0,Capacity,550ml,1,0,default,7374480626008374.0,7,Color,"Blue, Grey",1,0,,,,,,,,,,,,,,,,,,,,,,,,
4606,variation,CJMY198720801AZ,"Folding Travel Water Bottle - 550ml, Blue",1,0,visible,,,,,taxable,parent,1,,,0,0,,,,,0,,,37.62,,,,https://dookery.com/wp-content/uploads/2024/05/bca15434-0ff8-4eab-bfd9-92d8b6338678-1.jpg,,,CJMY1987208,,,,,,0,Capacity,550ml,,0,,,,Color,Blue,,0,,,,,,,,,,,,,,,,,,,,,,,,
4608,variation,CJMY198720802BY,"Folding Travel Water Bottle - 550ml, Grey",1,0,visible,,,,,taxable,parent,1,,,0,0,,,,,0,,,37.62,,,,https://dookery.com/wp-content/uploads/2024/05/79a50b4d-e9c6-4dc4-97c0-a03693e72726-1.jpg,,,CJMY1987208,,,,,,0,Capacity,550ml,,0,,,,Color,Grey,,0,,,,,,,,,,,,,,,,,,,,,,,,
4610,variable,CJYD1966830,Paw Shaped Ferret Bed,1,1,visible,,"\n<p> Paw Shaped Ferret Bed! </p>\n<p>Transform your ferret's living space into a luxurious retreat with our Paw Shaped Ferret Bed, a must-have accessory in The Dookery's Lifestyle section. Crafted with unparalleled comfort and pampering in mind, this bed promises to elevate your pet's relaxation experience to new heights.</p>\n<p>Immerse your ferret in the lap of luxury with our plush and exquisitely designed bed, available in a variety of charming options to suit your pet's preferences. Whether it's the adorable pink paw-shaped brush, the cozy brown hand-shaped brush, or the charming pink and brown hand-shaped brush blankets, each variant is crafted to provide a cozy sanctuary for your furry friend.</p>\n<p>But it's not just about aesthetics – our Paw Shaped Ferret Bed prioritizes comfort above all else. Made from premium cloth material, this bed offers a soft and inviting surface for your ferret to curl up and unwind after a day of adventure. Whether they prefer to nestle in the warmth of the plush blanket or stretch out on the padded paw-shaped surface, your pet will experience pure bliss in every moment.</p>\n<p>Choose the perfect size for your ferret's needs, with options available for pets within 35kg (L) or 65kg (XL). Regardless of size, each bed is meticulously crafted to provide ample space for your pet to stretch out and relax in comfort.</p>\n<p>And cleaning? It's a breeze! Our Paw Shaped Ferret Bed is designed for convenience, allowing for effortless cleaning to maintain hygiene and freshness for your pet's comfort.</p>\n<p>Treat your ferret to the ultimate indulgence with The Dookery's Paw Shaped Ferret Bed. Because every pet deserves to be pampered in style! </p>\n<p>\n <br>\n</p>\n<p>Specifications:</p>\n<p> Color: Pink paw-shaped brush, Brown hand-shaped brush, Pink hand-shaped brush blanket, Brown hand-shaped brush blanket</p>\n<p> Size:</p>\n<ul>\n <li>L: Suitable for pets within 35kg</li>\n <li>XL: Suitable for pets within 65kg</li>\n</ul>\n<p>️ Material: Cloth</p>\n<p> Category: Pet bed, Cage</p>\n<p>\n Easy to clean: Effortlessly maintain hygiene by cleaning the bed\n <br>\n <br>\n</p>\n<br>\n<p>\n <img src=""https://cc-west-usa.oss-us-west-1.aliyuncs.com/17075232/2402100843320328000.jpg"">\n</p>\n<p>\n <img src=""https://cc-west-usa.oss-us-west-1.aliyuncs.com/17075232/2402100843320328400.jpg"">\n</p>\n<p>\n <img src=""https://cc-west-usa.oss-us-west-1.aliyuncs.com/17075232/2402100843320328800.jpg"">\n</p>\n<p>\n <img src=""https://cc-west-usa.oss-us-west-1.aliyuncs.com/17075232/2402100843320329100.jpg"">\n</p>\n<p>\n <img src=""https://cc-west-usa.oss-us-west-1.aliyuncs.com/17075232/2402100843320329400.jpg"" class="""">\n</p>\n<p>\n <br>\n</p>\n<p>Product information:</p>\n<p>Color: L-suitable for pets within 35kg, XL-suitable for pets within 65kg</p>\n<p>Specifications: pink hand-shaped brush, Brown hand-shaped brush, pink hand-shaped brush blanket, Brown hand-shaped brush blanket</p>\n<p>Material: cloth</p>\n<p>\n Applicable object: ferret\n <br>\n</p>\n<p>Category: pet bed, Cage</p>\n<br>\n<b>Packing list: </b>\n<br>\n<p>1× Pet Bed </p>\n<p>\n <br>\n</p>",,,taxable,,1,,,0,0,1.44,1150,950,100,1,,,,"Essentials > Bedding & Blankets, For Ferrets, Essentials","Bedding & Blankets, For Ferrets, Lifestyle",Medium Packages,"https://dookery.com/wp-content/uploads/2024/05/2402100843190329100.jpg, https://dookery.com/wp-content/uploads/2024/05/efe760aa-6d3e-409e-87f4-793906b16e04.jpg, https://dookery.com/wp-content/uploads/2024/05/93fe62b4-25a4-4ffe-a67d-54297895160e.jpg, https://dookery.com/wp-content/uploads/2024/05/db87e368-c2b1-4583-af73-3c6e3d0fe268.jpg, https://dookery.com/wp-content/uploads/2024/05/cd8a5147-368c-4b51-a6e3-43f087ade6fa.jpg, https://dookery.com/wp-content/uploads/2024/05/2402100843190326700.jpg, https://dookery.com/wp-content/uploads/2024/05/2402100843190327400.jpg, https://dookery.com/wp-content/uploads/2024/05/2402100843190328000.jpg, https://dookery.com/wp-content/uploads/2024/05/2402100843190328700.jpg",,,,,,,,,0,Color,"L, XL",1,0,default,7441205575993667.0,8,Specification,"Brown, Pink",1,0,,,,,,,,,,,,,,,,,,,,,,,,
4620,variation,CJYD196683002BY,"Paw Shaped Ferret Bed - L, Brown",1,0,visible,,,,,taxable,parent,1,,,0,0,,,,,0,,,76.51,,,,https://dookery.com/wp-content/uploads/2024/05/efe760aa-6d3e-409e-87f4-793906b16e04-1.jpg,,,CJYD1966830,,,,,,0,Color,L,,0,,,,Specification,Brown,,0,,,,,,,,,,,,,,,,,,,,,,,,
4622,variation,CJYD196683001AZ,"Paw Shaped Ferret Bed - L, Pink",1,0,visible,,,,,taxable,parent,1,,,0,0,,,,,0,,,76.51,,,,https://dookery.com/wp-content/uploads/2024/05/df568923-c680-43d8-a86c-dcbc9b37bd69.jpg,,,CJYD1966830,,,,,,0,Color,L,,0,,,,Specification,Pink,,0,,,,,,,,,,,,,,,,,,,,,,,,
4624,variation,CJYD196683004DW,"Paw Shaped Ferret Bed - XL, Brown",1,0,visible,,,,,taxable,parent,1,,,0,0,,,,,0,,,84.34,,,,https://dookery.com/wp-content/uploads/2024/05/efe760aa-6d3e-409e-87f4-793906b16e04-2.jpg,,,CJYD1966830,,,,,,0,Color,XL,,0,,,,Specification,Brown,,0,,,,,,,,,,,,,,,,,,,,,,,,
4626,variation,CJYD196683003CX,"Paw Shaped Ferret Bed - XL, Pink",1,0,visible,,,,,taxable,parent,1,,,0,0,,,,,0,,,84.34,,,,https://dookery.com/wp-content/uploads/2024/05/df568923-c680-43d8-a86c-dcbc9b37bd69-1.jpg,,,CJYD1966830,,,,,,0,Color,XL,,0,,,,Specification,Pink,,0,,,,,,,,,,,,,,,,,,,,,,,,
4646,variable,CJGY1388935,Animal Themed Ferret Nests,1,1,visible,,"<p> Animal Themed Ferret Nests! </p>\n<p>Step into a world of whimsy and charm with our delightful Animal Themed Ferret Beds, a delightful addition to The Dookery's Lifestyle section. Designed to add a touch of personality to your ferret's habitat, these beds combine comfort with irresistible cuteness, creating a cozy haven for your beloved pet.</p>\n<p>Crafted from high-quality cloth material, our Ferret Beds prioritize both durability and comfort, ensuring that your pet enjoys the ultimate relaxation experience. But what truly sets these beds apart is their enchanting animal-themed designs, available in a variety of adorable options including puppy, chinchilla, elk, and lion. Each design is lovingly crafted to capture the essence of these beloved creatures, adding a playful touch to your ferret's living space.</p>\n<p>Choose from a range of sizes to suit your pet's needs, with options available in Small (31x31x28), Medium (40x40x32), and Large (48x45x47). Whether you have a petite ferret or a larger companion, there's a perfect fit for every furry friend.</p>\n<p>With our Animal Themed Ferret Beds, you can create a cozy retreat that reflects your pet's unique personality and style. Treat your ferret to the comfort and charm they deserve with The Dookery's irresistible selection of Ferret Beds. Because every pet deserves a little extra pampering! </p>\n<p>Specifications:</p>\n<p>️ Material: Cloth</p>\n<p> Product Category: Pet Nest</p>\n<p>\n Color: Puppy, Chinchilla, Elk, Lion\n <br>\n</p>\n<p> Easy to clean: Effortlessly maintain hygiene by cleaning the bed</p>\n<p> Size Information:</p>\n<ul>\n <li>Small (S): 31x31x28</li>\n <li>Medium (M): 40x40x32</li>\n <li>Large (L): 48x45x47</li>\n</ul>\n<p> Packing List:</p>\n<ul>\n <li>Cloth pet nest x1</li>\n</ul>\n<p>\n <img src=""https://cc-west-usa.oss-us-west-1.aliyuncs.com/c45c5022-224f-4804-8fe3-4bf268f0c5a6.jpg"" style=""max-width:100%"" class="""">\n <img src=""https://cc-west-usa.oss-us-west-1.aliyuncs.com/084107d4-7559-42c5-b914-31d6d4261eb8.jpg"" style=""max-width: 100%"">\n <img src=""https://cc-west-usa.oss-us-west-1.aliyuncs.com/10dc3cce-19fb-4084-bc65-f9f48dc595e2.jpg"" style=""max-width: 100%"">\n <img src=""https://cc-west-usa.oss-us-west-1.aliyuncs.com/7084d15a-cbd4-4437-ab05-d25b441dac77.jpg"" style=""max-width: 100%"">\n <img src=""https://cc-west-usa.oss-us-west-1.aliyuncs.com/de178989-f22d-45cb-8242-12b7494afcaf.jpg"" style=""max-width: 100%"">\n <img src=""https://cc-west-usa.oss-us-west-1.aliyuncs.com/7ec93a96-c7cf-41ff-b581-822e9741eeb2.jpg"" style=""max-width: 100%"">\n <img src=""https://cc-west-usa.oss-us-west-1.aliyuncs.com/4fada2bb-811a-4bd2-9910-9a8704d11b6e.jpg"" style=""max-width: 100%"" class="""">\n</p>\n<p>\n <br>\n</p>\n<b>Product Information:</b>\n<br>\n<p>Material: Cloth</p>\n<br>\n<p>Product Category: Pet Nest</p>\n<br>\n<p>Color: puppy, chinchilla, elk, lion</p>\n<br>\n<br>\n<b>Size Information:</b>\n<br>\n<p>Specification: S, M, L</p>\n<br>\n<p>\n <img src=""https://cc-west-usa.oss-us-west-1.aliyuncs.com/155a293f-c683-4b60-b9bc-9a8eb89b5c2f.png"">\n</p>\n<br>\n<br>\n<b>Packing List:</b>\n<br>\n<p>Cloth pet nest x1</p>\n<p>\n <br>\n</p>",,,taxable,,1,,,0,0,0.7,300,240,80,1,,,,,"Bedding & Blankets, Essentials, For Ferrets, Lifestyle",Medium Packages,"https://dookery.com/wp-content/uploads/2024/05/7ef155a1-907c-4b6f-b3a4-618fce4f8510-1.jpg, https://dookery.com/wp-content/uploads/2024/05/83bda032-5b1e-4385-b2d7-c673e256c91c-1.jpg, https://dookery.com/wp-content/uploads/2024/05/d514952c-28bd-42bc-8c32-dab16755c2a2-1.jpg, https://dookery.com/wp-content/uploads/2024/05/bd45e269-789d-4e0f-af02-faa981a8ef86-2.jpg, https://dookery.com/wp-content/uploads/2024/05/db837da7-37b7-4b65-9b43-9791cc319109-3.jpg, https://dookery.com/wp-content/uploads/2024/05/0b5dcde7-d817-461e-b4d4-7fa3f097aee4-2.jpg, https://dookery.com/wp-content/uploads/2024/05/812d4379-670a-46f7-be5c-dc8edb9ad4a0-2.jpg",,,,,,,,,0,Size,"M, S",1,0,default,8155389467821987.0,6,style,"Chinchilla, Elk, Lion, Puppy",1,0,,,,,,,,,,,,,,,,,,,,,,,,
4654,variation,CJGY138893501AZ,"Animal Themed Ferret Nests - S, M, L - Puppy",1,0,visible,,,,,taxable,parent,1,,,0,0,,,,,0,,,58.92,,,,https://dookery.com/wp-content/uploads/2024/05/db837da7-37b7-4b65-9b43-9791cc319109-4.jpg,,,CJGY1388935,,,,,,0,Size,M,,0,,,,style,Chinchilla,,0,,,,,,,,,,,,,,,,,,,,,,,,
4656,variation,CJGY138893502BY,"Animal Themed Ferret Nests - S, Chinchilla",1,0,visible,,,,,taxable,parent,1,,,0,0,,,,,0,,,49.67,,,,https://dookery.com/wp-content/uploads/2024/05/db837da7-37b7-4b65-9b43-9791cc319109-5.jpg,,,CJGY1388935,,,,,,0,Size,S,,0,,,,style,Chinchilla,,0,,,,,,,,,,,,,,,,,,,,,,,,
4658,variation,CJGY138893504DW,"Animal Themed Ferret Nests - S, M, L, Elk, Set",1,0,visible,,,,,taxable,parent,1,,,0,0,,,,,0,,,49.67,,,,https://dookery.com/wp-content/uploads/2024/05/0b5dcde7-d817-461e-b4d4-7fa3f097aee4-3.jpg,,,CJGY1388935,,,,,,0,Size,S,,0,,,,style,Elk,,0,,,,,,,,,,,,,,,,,,,,,,,,
4660,variation,CJGY138893505EV,"Animal Themed Ferret Nests - M, Lion",1,0,visible,,,,,taxable,parent,1,,,0,0,,,,,0,,,58.92,,,,https://dookery.com/wp-content/uploads/2024/05/812d4379-670a-46f7-be5c-dc8edb9ad4a0-3.jpg,,,CJGY1388935,,,,,,0,Size,M,,0,,,,style,Lion,,0,,,,,,,,,,,,,,,,,,,,,,,,
4662,variation,CJGY138893508HS,"Animal Themed Ferret Nest - S, Puppy",1,0,visible,,,,,taxable,parent,1,,,0,0,,,,,0,,,49.67,,,,https://dookery.com/wp-content/uploads/2024/05/bd45e269-789d-4e0f-af02-faa981a8ef86-3.jpg,,,CJGY1388935,,,,,,0,Size,S,,0,,,,style,Puppy,,0,,,,,,,,,,,,,,,,,,,,,,,,
4664,variable,CJYE1985781,Pet Shower Nozzle,1,1,visible,,"<p> Pet Shower Nozzle! </p>\n<p>Say goodbye to messy bath times and hello to hassle-free grooming with our Pet Shower Nozzle, a must-have addition to any pet owner's arsenal of cleaning supplies. Designed with convenience and practicality in mind, this innovative nozzle makes bathing your furry friends a breeze, ensuring a stress-free grooming experience for both you and your beloved pets.</p>\n<p>Crafted from high-quality materials including Shower ABS, PVC hose, and rubber faucet interface, our Pet Shower Nozzle is built to last, promising durability and reliability with every use. Its plug-and-play design allows for effortless installation, so you can start enjoying its benefits right out of the box.</p>\n<p>With its versatile white color, our Pet Shower Nozzle seamlessly blends into any bathroom decor, adding a touch of functionality to your grooming routine. Whether you're giving your dog a refreshing bath or gently cleaning your cat's fur, this nozzle provides a gentle and effective stream of water, leaving your pets feeling clean and refreshed.</p>\n<p>Upgrade your pet grooming routine with the convenience and practicality of our Pet Shower Nozzle. Because when it comes to keeping your furry friends clean and happy, nothing beats the ease of plug-and-play convenience! </p>\n<p>Specifications:</p>\n<p> Color: White</p>\n<p>️ Material:</p>\n<ul>\n <li>Shower: ABS</li>\n <li>Hose: PVC</li>\n <li>Faucet interface: Rubber</li>\n</ul>\n<p> Packing List:</p>\n<ul>\n <li>Pet Shower Nozzle x1pc</li>\n</ul>\n<p>\n &nbsp;\n <img src=""https://cc-west-usa.oss-us-west-1.aliyuncs.com/17101152/2403110945210325100.jpg"" class="""">\n</p>\n<p>\n <img src=""https://cc-west-usa.oss-us-west-1.aliyuncs.com/17101152/2403110945210325600.jpg"">\n</p>\n<p>\n <img src=""https://cc-west-usa.oss-us-west-1.aliyuncs.com/17101152/2403110945210326100.jpg"">\n</p>\n<p>\n <img src=""https://cc-west-usa.oss-us-west-1.aliyuncs.com/17101152/2403110945210326600.jpg"">\n</p>\n<p>\n <img src=""https://cc-west-usa.oss-us-west-1.aliyuncs.com/17101152/2403110945210327100.jpg"">\n</p>\n<p>\n <br>\n</p>\n<p>\n <b>Product information:&nbsp;</b>\n</p>\n<p>Highlight: Convenient and practical, plug and playColor: White</p>\n<p>Material: Shower ABS/hose PVC/faucet interface rubber material</p>\n<p>\n <br>\n</p>\n<b>Packing list: </b>\n<br>\n<p>\n Shower x1pc&nbsp;\n <br>\n</p>\n<p>\n <br>\n</p>",,,taxable,,1,,,0,0,0.15,142,20,100,1,,,,"Essentials, For Ferrets, Lifestyle > Digital Devices > Grooming Tools, Essentials > Grooming Tools, Lifestyle","Essentials, For Ferrets, Grooming Tools",Essentials Free Shipping Deal,"https://dookery.com/wp-content/uploads/2024/05/9123c9bc-46c8-4ae4-ae68-7dee9e8d486a.jpg, https://dookery.com/wp-content/uploads/2024/05/e6bb2ff6-9841-4b3e-8386-cf593f74ad0d.jpg, https://dookery.com/wp-content/uploads/2024/05/94335a44-bf68-42ff-9170-a3d6918900b7.jpg",,,,,,,,,0,Color,white,1,0,default,7345520000000000.0,6,,,,,,,,,,,,,,,,,,,,,,,,,,,,
4668,variation,CJYE198578102BY,Pet Shower Nozzle - white,1,0,visible,,,,,taxable,parent,1,,,0,0,,,,,0,,,20.84,,,,https://dookery.com/wp-content/uploads/2024/05/e6bb2ff6-9841-4b3e-8386-cf593f74ad0d-1.jpg,,,CJYE1985781,,,,,,0,Color,white,,0,,,,,,,,,,,,,,,,,,,,,,,,,,,,,,,
4670,variable,CJMY2009931,Plush Mouse Teaser Toy,1,0,visible,,"<p>Teaser Toy: Plush Mouse! </p>\n<p>Keep your ferret friend entertained for hours on end with this Pet Ferret Teaser Toy Plush Mouse, a delightful addition to any pet owner's collection of toys. Designed to ignite your ferret's natural instincts and provide endless entertainment, this plush mouse toy promises to be a favorite among playful ferrets everywhere.</p>\n<p>Available in a variety of vibrant colors including white, gray, green, blue, purple, and red, our plush mouse adds a pop of excitement to your ferret's playtime routine. Its compact size of 18cm makes it perfect for swatting, chasing, and pouncing, providing your ferret with the perfect outlet for their energy and curiosity.</p>\n<p>Crafted from high-quality rabbit skin material, our Pet Ferret Teaser Toy Plush Mouse is not only durable but also irresistibly soft to the touch. Watch as your ferret delights in batting at the mouse, engaging in solo play or interactive sessions with you, their favorite playmate.</p>\n<p>Whether your ferret prefers to stalk, leap, or cuddle up with their new furry friend, our plush mouse toy offers endless opportunities for fun and bonding. Treat your ferret to the excitement they crave with our Pet Ferret Teaser Toy Plush Mouse, because every moment of play is a moment to cherish! </p>\n<p>\n <br>\n</p>\n<p>Specifications:</p>\n<p> Color: Random color selection (white/gray/green/blue/purple/red)</p>\n<p> Specification: 18cm</p>\n<p>️ Material: Rabbit skin</p>\n<p> Category: Pet Toys</p>\n<p> Packing List:</p>\n<ul>\n <li>Mouse toy x1</li>\n</ul>\n<div>\n <br>\n</div>\n<p>\n <br>\n</p>\n<p>\n <img src=""https://cc-west-usa.oss-us-west-1.aliyuncs.com/17129664/2404131156360328300.jpg"">\n <img src=""https://cc-west-usa.oss-us-west-1.aliyuncs.com/17129664/2404131156370322300.jpg"">\n <img src=""https://cc-west-usa.oss-us-west-1.aliyuncs.com/17129664/2404131156370325600.jpg"">\n <img src=""https://cc-west-usa.oss-us-west-1.aliyuncs.com/17129664/2404131156370329300.jpg"">\n <img src=""https://cc-west-usa.oss-us-west-1.aliyuncs.com/17129664/2404131156380322000.jpg"">\n <img src=""https://cc-west-usa.oss-us-west-1.aliyuncs.com/17129664/2404131156380324500.jpg"" class="""">\n</p>\n<br>\n<b>Product Image:</b>\n<br>\n<p>Product information:</p>\n<p>Color: random color (white/gray/green/blue/purple/red)&nbsp;</p>\n<p>Specification: 18cm&nbsp;</p>\n<p>Material: rabbit skin&nbsp;</p>\n<p>Category: Pet Toys</p>\n<br>\n<b>Packing list: </b>\n<br>\n<p>Mouse toy&nbsp; x1</p>\n<br>\n<p>\n <br>\n</p>",,,taxable,,1,,,0,0,0.1,180,80,80,1,,,,"For Ferrets, Play & Train, Play & Train > Toys","For Ferrets, Play & Train, Toys",Light Packages,"https://dookery.com/wp-content/uploads/2024/05/5fdb2573-1333-49ee-8b95-a348381293a8_fine.jpeg, https://dookery.com/wp-content/uploads/2024/05/f570f4ca-2af8-4094-89c7-f299840a6b15_fine.jpeg, https://dookery.com/wp-content/uploads/2024/05/141f40a1-7596-41a2-b3fe-d7843ebba0fa_fine.jpeg, https://dookery.com/wp-content/uploads/2024/05/8861b23d-9f9d-4788-a6de-3ac928e8be9c_fine.jpeg, https://dookery.com/wp-content/uploads/2024/05/c82eab66-f16d-4427-b296-4fe4d7ace0e5.jpg",,,,,,,,,0,Specifications,18cm,1,0,default,8012489988775694.0,6,Color,Random Color,1,0,,,,,,,,,,,,,,,,,,,,,,,,
4676,variation,CJMY200993101AZ,"Plush Mouse Teaser Toy - 18cm, Random Color",1,0,visible,,,,,taxable,parent,1,,,0,0,,,,,0,,,16.9,,,,https://dookery.com/wp-content/uploads/2024/05/d1b13c0c-277d-4618-9c7b-251463d473cb.jpg,,,CJMY2009931,,,,,,0,Specifications,18cm,,0,,,,Color,Random Color,,0,,,,,,,,,,,,,,,,,,,,,,,,
4705,variable,CJMY2004958,,1,1,visible,"Keep your ferret hydrated and nourished on the go with our Travel Water & Food Cups! Available in four charming colors and two sizes, these cups are collapsible, leak-proof, and perfect for any adventure.","<p> Travel&nbsp;Water&nbsp;&amp;&nbsp;Food&nbsp;Cups! </p>\n<p>For ferret owners who love to explore the great outdoors with their furry companions, our Travel&nbsp;Water&nbsp;&amp;&nbsp;Food&nbsp;Cups is an essential accessory. Crafted with the needs of ferrets in mind, this portable water cup ensures that your pet stays hydrated and comfortable during outdoor excursions.</p>\n<p>Available in a variety of colors including Fan Forest Green, Milk Tea Gray, Graphite Blue, and Peach Red, our water cup comes in two convenient sizes: 200ml and 400ml. Whether you're taking a leisurely walk in the park or embarking on a camping trip, there's a perfect size to suit your ferret's hydration needs.</p>\n<p>Constructed from durable silicone, our water cup is lightweight and collapsible, making it easy to carry in your backpack or pocket. Its compact design ensures that you can bring it along wherever your adventures take you, without adding unnecessary bulk to your gear.</p>\n<p>With its leak-proof construction, you can trust that your ferret will have access to fresh water whenever they need it, without any messy spills or leaks. Simply fill the cup with water from any water source, and your ferret can enjoy a refreshing drink on the go.</p>\n<p>Make staying hydrated a breeze for your ferret on outdoor adventures with our Portable Drinking Water Apparatus. Because ensuring your pet's well-being is always a top priority! </p>\n<p>\n <br>\n</p>\n<p>Specifications:</p>\n<p> Color:</p>\n<ul>\n <li>Fan Forest Green</li>\n <li>Milk Tea Gray</li>\n <li>Graphite Blue</li>\n <li>Peach Red</li>\n</ul>\n<p> Specifications:</p>\n<ul>\n <li>200ml: Fan Forest Green, Milk Tea Gray, Graphite Blue, Peach Red</li>\n <li>400ml: Fan Forest Green, Milk Tea Gray, Graphite Blue, Peach Red</li>\n</ul>\n<p>️ Material: Silicone</p>\n<p> Category: Pet Tableware</p>\n<p> Packing List:</p>\n<ul>\n <li>1* Ferret Water/Food Cup</li>\n</ul>\n<p>\n <br>\n</p>\n<p>\n <img src=""https://cc-west-usa.oss-us-west-1.aliyuncs.com/17124480/2404070250160329800.jpg"">\n <img src=""https://cc-west-usa.oss-us-west-1.aliyuncs.com/17124480/2404070250170322900.jpg"">\n <img src=""https://cc-west-usa.oss-us-west-1.aliyuncs.com/17124480/2404070250170325200.jpg"">\n <img src=""https://cc-west-usa.oss-us-west-1.aliyuncs.com/17124480/2404070250170328600.jpg"">\n <img src=""https://cc-west-usa.oss-us-west-1.aliyuncs.com/17124480/2404070250180321000.jpg"">\n <img src=""https://cc-west-usa.oss-us-west-1.aliyuncs.com/17124480/2404070250180325300.jpg"">\n <img src=""https://cc-west-usa.oss-us-west-1.aliyuncs.com/17124480/2404070250180327300.jpg"">\n</p>\n<p>\n <br>\n</p>",,,taxable,,1,,,0,0,0.15,110,90,90,1,,,,"Adventure, For Ferrets, Adventure > Travel Food & Water Bowls","Adventure, Food & Water Bowls, For Ferrets",Light Packages,"https://dookery.com/wp-content/uploads/2024/05/a61b8e96-f191-4fcd-8d2e-1abfc84777d0_trans-1.jpeg, https://dookery.com/wp-content/uploads/2024/05/3abe79b1-49ff-49d8-bf2e-2f44f7139648_trans-1.jpeg, https://dookery.com/wp-content/uploads/2024/05/1ad3500a-201e-4721-af6c-bc0238c97756_trans-1.jpeg, https://dookery.com/wp-content/uploads/2024/05/1bfe331f-f0cc-4dfa-8f2a-9457e9dcdac0_trans-2.jpeg, https://dookery.com/wp-content/uploads/2024/05/c2f491aa-258b-480e-ab1f-b60f535b0235_trans-2.jpeg, https://dookery.com/wp-content/uploads/2024/05/56e09e90-5af3-411f-8b37-0d1d6485caf3_trans-2.jpeg, https://dookery.com/wp-content/uploads/2024/05/6cecd0c6-162f-46bd-ad6c-ec7f9680bb29_trans-2.jpeg, https://dookery.com/wp-content/uploads/2024/05/2e9e5469-cce9-4245-99d7-6cc9b86d64af_trans-2.jpeg, https://dookery.com/wp-content/uploads/2024/05/8314d4da-cc85-4ab3-9d03-f52b532462cb_trans-2.jpeg",,,,,,,,,0,Specifications,"Fan Forest Green 200ml, Fan Forest Green 400ml, Graphite Blue 200ml, Graphite Blue 400ml, Milk Tea Gray 200ml, Milk Tea Gray 400ml, Peach Pink 200ml, Peach Pink 400ml",1,0,default,7534821633298786.0,6,,,,,,,,,,,,,,,,,,,,,,,,,,,,
4715,variation,CJMY200495801AZ,,1,0,visible,,,,,taxable,parent,1,,,0,0,,,,,0,,,31.99,,,,https://dookery.com/wp-content/uploads/2024/05/1bfe331f-f0cc-4dfa-8f2a-9457e9dcdac0_trans-3.jpeg,,,CJMY2004958,,,,,,0,Specifications,Fan Forest Green 200ml,,0,,,,,,,,,,,,,,,,,,,,,,,,,,,,,,,
4717,variation,CJMY200495805EV,,1,0,visible,,,,,taxable,parent,1,,,0,0,,,,,0,,,39.83,,,,https://dookery.com/wp-content/uploads/2024/05/2e9e5469-cce9-4245-99d7-6cc9b86d64af_trans-3.jpeg,,,CJMY2004958,,,,,,0,Specifications,Fan Forest Green 400ml,,0,,,,,,,,,,,,,,,,,,,,,,,,,,,,,,,
4719,variation,CJMY200495803CX,,1,0,visible,,,,,taxable,parent,1,,,0,0,,,,,0,,,31.99,,,,https://dookery.com/wp-content/uploads/2024/05/56e09e90-5af3-411f-8b37-0d1d6485caf3_trans-3.jpeg,,,CJMY2004958,,,,,,0,Specifications,Graphite Blue 200ml,,0,,,,,,,,,,,,,,,,,,,,,,,,,,,,,,,
4721,variation,CJMY200495807GT,,1,0,visible,,,,,taxable,parent,1,,,0,0,,,,,0,,,39.83,,,,https://dookery.com/wp-content/uploads/2024/05/e29d83e8-fbf9-4228-aefa-35a194edb192_trans-1.jpeg,,,CJMY2004958,,,,,,0,Specifications,Graphite Blue 400ml,,0,,,,,,,,,,,,,,,,,,,,,,,,,,,,,,,
4723,variation,CJMY200495802BY,,1,0,visible,,,,,taxable,parent,1,,,0,0,,,,,0,,,31.99,,,,https://dookery.com/wp-content/uploads/2024/05/c2f491aa-258b-480e-ab1f-b60f535b0235_trans-3.jpeg,,,CJMY2004958,,,,,,0,Specifications,Milk Tea Gray 200ml,,0,,,,,,,,,,,,,,,,,,,,,,,,,,,,,,,
4725,variation,CJMY200495806FU,,1,0,visible,,,,,taxable,parent,1,,,0,0,,,,,0,,,39.83,,,,https://dookery.com/wp-content/uploads/2024/05/8314d4da-cc85-4ab3-9d03-f52b532462cb_trans-3.jpeg,,,CJMY2004958,,,,,,0,Specifications,Milk Tea Gray 400ml,,0,,,,,,,,,,,,,,,,,,,,,,,,,,,,,,,
4727,variation,CJMY200495804DW,,1,0,visible,,,,,taxable,parent,1,,,0,0,,,,,0,,,31.99,,,,https://dookery.com/wp-content/uploads/2024/05/6cecd0c6-162f-46bd-ad6c-ec7f9680bb29_trans-3.jpeg,,,CJMY2004958,,,,,,0,Specifications,Peach Pink 200ml,,0,,,,,,,,,,,,,,,,,,,,,,,,,,,,,,,
4729,variation,CJMY200495808HS,,1,0,visible,,,,,taxable,parent,1,,,0,0,,,,,0,,,39.83,,,,https://dookery.com/wp-content/uploads/2024/05/e78a7246-664e-48c2-ade0-01b1f1f06a9a_trans-1.jpeg,,,CJMY2004958,,,,,,0,Specifications,Peach Pink 400ml,,0,,,,,,,,,,,,,,,,,,,,,,,,,,,,,,,
4731,variable,CJWJWJDZ00221,Flappy Fish Toy,1,0,visible,,"<p> Treat Your Ferret to Endless Fun with Our Electric Funny Cat Simulation Fish Toy! </p>\n<p>Give your ferret the gift of excitement and entertainment with our Electric Funny Cat Simulation Fish Toy, designed to provide hours of amusement for your furry friend. As a ferret owner, you know how important it is to keep your pet mentally stimulated and engaged, and this innovative toy delivers just that.</p>\n<p>Weighing only 100g, this lightweight toy is the perfect addition to your ferret's collection of throwing toys. Equipped with a built-in touch sensor, the toy automatically activates when your ferret interacts with it, swinging and making enticing sounds to captivate your pet's attention.</p>\n<p>But that's not all – our wiggle fish toy features a USB rechargeable design, eliminating the need for batteries and saving you both time and money. Plus, the detachable motor makes cleaning a breeze, ensuring that your ferret's toy stays fresh and hygienic for endless play sessions.</p>\n<p>Crafted from high-quality PP cotton, this realistic flopping fish toy is safe and non-toxic for your ferret to play with, providing peace of mind for you as a pet owner. Measuring 30cm in size, it's the perfect size for your ferret to pounce on and wrestle with to their heart's content.</p>\n<p>Give your ferret the gift of excitement and enrichment with our Electric Funny Cat Simulation Fish Toy. Because every moment of play is a moment of joy for your beloved pet! </p>\n<p>\n <br>\n</p>\n<p>Specifications:</p>\n<p>️ Material: PP cotton</p>\n<p> Color: As shown in the pictures</p>\n<p> Size: 30cm</p>\n<p> Power Source: USB Charge</p>\n<p> Package Content:</p>\n<ul>\n <li>1 x Fish Toy</li>\n</ul>\n<p>\n <img src=""https://cc-west-usa.oss-us-west-1.aliyuncs.com/17048448/2401100828160320300.jpg"" style=""max-width:100%"">\n <img src=""https://cc-west-usa.oss-us-west-1.aliyuncs.com/17048448/2401100828160320700.jpg"" style=""font-size: 14px;max-width: 100%"">\n <img src=""https://cc-west-usa.oss-us-west-1.aliyuncs.com/17048448/2401100828160321200.jpg"" style=""font-size: 14px;max-width: 100%"">\n <img src=""https://cc-west-usa.oss-us-west-1.aliyuncs.com/17048448/2401100828160321600.jpg"" style=""font-size: 14px;max-width: 100%"">\n <img src=""https://cc-west-usa.oss-us-west-1.aliyuncs.com/17048448/2401100828160322000.jpg"" style=""font-size: 14px;max-width: 100%"">\n <img src=""https://cc-west-usa.oss-us-west-1.aliyuncs.com/17048448/2401100828160322800.jpg"" style=""font-size: 14px;max-width: 100%"">\n <br>\n</p>\n<p>\n <img src=""https://cc-west-usa.oss-us-west-1.aliyuncs.com/17048448/2401100828160323500.jpg"" style=""max-width:100%"">\n <img src=""https://cc-west-usa.oss-us-west-1.aliyuncs.com/17048448/2401100828160323800.jpg"" style=""font-size: 14px;max-width: 100%"">\n <img src=""https://cc-west-usa.oss-us-west-1.aliyuncs.com/17048448/2401100828160324800.jpg"" style=""font-size: 14px;max-width: 100%"">\n <img src=""https://cc-west-usa.oss-us-west-1.aliyuncs.com/17048448/2401100828160325400.jpg"" style=""font-size: 14px;max-width: 100%"">\n <img src=""https://cc-west-usa.oss-us-west-1.aliyuncs.com/17048448/2401100828160325800.jpg"" style=""max-width: 100%"">\n <br>\n</p>\n<p>\n <img src=""https://cc-west-usa.oss-us-west-1.aliyuncs.com/17048448/2401100828160326300.jpg"" style=""max-width:100%"">\n</p>\n<p>\n <br>\n</p>\n<p>Overview:</p>\n<p>Weight: 100g</p>\n<p>Product Category: Throwing Toys</p>\n<p>Built-in touch sensor, when you turn on the switch, and your cat touches the toy, the toy will automatically swing and make a sound to attract your cat to play. When not touching for a long time, the toy will automatically stop. Touch again and swing again.This wiggle fish toy is USB chargeable which saves you from the hassle and costs to replace batteries and the detachable motor helps to make cleaning easier.A realistic flopping fish cat toy is a great gift for your cat. this kitty toy is made short plush with stuffed pp cotton. safe and non-toxic for your kitten.</p>\n<p>Specification:Material：PP cotton</p>\n<p>Color：As the pictures shownSize：30cm</p>\n<p>Power by: USB Charge</p>\n<p>Package Content:1 x Fish Toy</p>\n<p>\n <br>\n</p>",,,taxable,,1,,,0,0,0.19,300,200,200,1,,,,,,Light Packages,"https://dookery.com/wp-content/uploads/2024/05/810207351567.jpg, https://dookery.com/wp-content/uploads/2024/05/25775069579.jpg, https://dookery.com/wp-content/uploads/2024/05/1613797466093.jpg, https://dookery.com/wp-content/uploads/2024/05/1613797466085.jpg, https://dookery.com/wp-content/uploads/2024/05/1613797466092.jpg, https://dookery.com/wp-content/uploads/2024/05/1619499783697.jpg, https://dookery.com/wp-content/uploads/2024/05/1619499783981.jpg, https://dookery.com/wp-content/uploads/2024/05/1619499783696.jpg, https://dookery.com/wp-content/uploads/2024/05/36a0368b-a32e-4931-a3c9-76f9c5e88719.jpg, https://dookery.com/wp-content/uploads/2024/05/fb6f7641-2850-44ea-b190-b3a8f34df94a.jpg",,,,,,,,,0,Color,"2sets, 2style set, 2style set1, Arowana, Arowana A, Butterfly fish with fish food, Clownfish, Clownfish B, Clownfish B 2pcs, Crucian carp, Crucian with fish food, Flower koi hairtail food, Grass carp, Grass carp with fish food, Grass carp x2, Grass carp x3, Grass carp x4, Napoleon fish, Red carp, Red carp with fish food, Red fish, Salmon, Salmon fish with fish food, Set A, Set B, Set C, Set D, Set E, Set F, Set G, Set H, Set I, Tiger head fish with fish food, Tropical Fish",1,0,default,7200441130082094.0,8,,,,,,,,,,,,,,,,,,,,,,,,,,,,
4742,variation,CJWJWJDZ00221-2sets,Flappy Fish Toy - 2sets,1,0,visible,,,,,taxable,parent,1,,,0,0,,,,,0,,,37.27,,,,https://dookery.com/wp-content/uploads/2024/05/a2d1e141-7180-4725-b828-c5b2524476d6.jpg,,,CJWJWJDZ00221,,,,,,0,Color,2sets,,0,,,,,,,,,,,,,,,,,,,,,,,,,,,,,,,
4744,variation,CJWJWJDZ00221-2styleset,Flappy Fish Toy - 2style set,1,0,visible,,,,,taxable,parent,1,,,0,0,,,,,0,,,35.71,,,,https://dookery.com/wp-content/uploads/2024/05/105322715943.jpg,,,CJWJWJDZ00221,,,,,,0,Color,2style set,,0,,,,,,,,,,,,,,,,,,,,,,,,,,,,,,,
4746,variation,CJWJWJDZ00221-2styleset1,Flappy Fish Toy - 2style set1,1,0,visible,,,,,taxable,parent,1,,,0,0,,,,,0,,,36.79,,,,https://dookery.com/wp-content/uploads/2024/05/1619331484167.jpg,,,CJWJWJDZ00221,,,,,,0,Color,2style set1,,0,,,,,,,,,,,,,,,,,,,,,,,,,,,,,,,
4748,variation,CJWJWJDZ00221-Arowana,Flappy Fish Toy - Arowana,1,0,visible,,,,,taxable,parent,1,,,0,0,,,,,0,,,24.81,,,,https://dookery.com/wp-content/uploads/2024/05/160323049647.jpg,,,CJWJWJDZ00221,,,,,,0,Color,Arowana,,0,,,,,,,,,,,,,,,,,,,,,,,,,,,,,,,
4750,variation,CJWJWJDZ00221-ArowanaA,Flappy Fish Toy - Arowana A,1,0,visible,,,,,taxable,parent,1,,,0,0,,,,,0,,,19.09,,,,https://dookery.com/wp-content/uploads/2024/05/1623313771027.jpg,,,CJWJWJDZ00221,,,,,,0,Color,Arowana A,,0,,,,,,,,,,,,,,,,,,,,,,,,,,,,,,,
4752,variation,CJWJWJDZ00221-Butterflyfishwithfishfood,Flappy Fish Toy - Butterfly fish with fish food,1,0,visible,,,,,taxable,parent,1,,,0,0,,,,,0,,,25.78,,,,https://dookery.com/wp-content/uploads/2024/05/1619499783697-1.jpg,,,CJWJWJDZ00221,,,,,,0,Color,Butterfly fish with fish food,,0,,,,,,,,,,,,,,,,,,,,,,,,,,,,,,,
4754,variation,CJWJWJDZ00221-Clownfish,Flappy Fish Toy - Clownfish,1,0,visible,,,,,taxable,parent,1,,,0,0,,,,,0,,,24.48,,,,https://dookery.com/wp-content/uploads/2024/05/1618369515081.jpg,,,CJWJWJDZ00221,,,,,,0,Color,Clownfish,,0,,,,,,,,,,,,,,,,,,,,,,,,,,,,,,,
4756,variation,CJWJWJDZ00221-ClownfishB,Flappy Fish Toy - Clownfish B,1,0,visible,,,,,taxable,parent,1,,,0,0,,,,,0,,,27.59,,,,https://dookery.com/wp-content/uploads/2024/05/ff1f11a2-f495-4c42-a201-082f9afc788d.jpg,,,CJWJWJDZ00221,,,,,,0,Color,Clownfish B,,0,,,,,,,,,,,,,,,,,,,,,,,,,,,,,,,
4758,variation,CJWJWJDZ00221-ClownfishB2pcs,Flappy Fish Toy - Clownfish B 2pcs,1,0,visible,,,,,taxable,parent,1,,,0,0,,,,,0,,,41.26,,,,https://dookery.com/wp-content/uploads/2024/05/6baaa87a-d8a2-4580-aff2-a77fea94671a.jpg,,,CJWJWJDZ00221,,,,,,0,Color,Clownfish B 2pcs,,0,,,,,,,,,,,,,,,,,,,,,,,,,,,,,,,
